{"cameraMode":{"drawMode":0,"name":"Shaded","section":"Shading Mode"},"sceneLighting":true,"audioPlay":false,"sceneViewState":{"showFog":true,"showMaterialUpdate":true,"showSkybox":true,"showFlares":true,"showImageEffects":true,"showParticleSystems":true},"in2DMode":false,"pivot":{"x":5.832467555999756,"y":1.7539739608764649,"z":2.4227652549743654},"rotation":{"x":0.24262109398841859,"y":-0.718722939491272,"z":0.30201905965805056,"w":0.5773821473121643},"size":5.129194259643555,"orthographic":false}