{"cameraMode":{"drawMode":0,"name":"Shaded","section":"Shading Mode"},"sceneLighting":false,"audioPlay":false,"sceneViewState":{"showFog":true,"showMaterialUpdate":true,"showSkybox":false,"showFlares":true,"showImageEffects":true,"showParticleSystems":true},"in2DMode":false,"pivot":{"x":16.628217697143556,"y":-3.5144803524017336,"z":20.065113067626954},"rotation":{"x":0.0070804753340780739,"y":-0.7194686532020569,"z":-0.007329442538321018,"w":-0.694456160068512},"size":22.0,"orthographic":false}